,STNAME,CTYNAME,YEAR,TOT_POP
0,Virginia,Accomack County,2004,36310
1,Virginia,Accomack County,2005,35835
2,Virginia,Accomack County,2006,35192
3,Virginia,Accomack County,2007,34553
4,Virginia,Accomack County,2008,33970
5,Virginia,Accomack County,2009,33415
6,Virginia,Accomack County,2010,33202
7,Virginia,Albemarle County,2004,89491
8,Virginia,Albemarle County,2005,91676
9,Virginia,Albemarle County,2006,93852
10,Virginia,Albemarle County,2007,95009
11,Virginia,Albemarle County,2008,97081
12,Virginia,Albemarle County,2009,98071
13,Virginia,Albemarle County,2010,99150
14,Virginia,Alleghany County,2004,16645
15,Virginia,Alleghany County,2005,16580
16,Virginia,Alleghany County,2006,16564
17,Virginia,Alleghany County,2007,16530
18,Virginia,Alleghany County,2008,16404
19,Virginia,Alleghany County,2009,16306
20,Virginia,Alleghany County,2010,16228
21,Virginia,Amelia County,2004,11712
22,Virginia,Amelia County,2005,11943
23,Virginia,Amelia County,2006,12250
24,Virginia,Amelia County,2007,12447
25,Virginia,Amelia County,2008,12563
26,Virginia,Amelia County,2009,12594
27,Virginia,Amelia County,2010,12729
28,Virginia,Amherst County,2004,31783
29,Virginia,Amherst County,2005,31955
30,Virginia,Amherst County,2006,32094
31,Virginia,Amherst County,2007,32203
32,Virginia,Amherst County,2008,32510
33,Virginia,Amherst County,2009,32447
34,Virginia,Amherst County,2010,32319
35,Virginia,Appomattox County,2004,13916
36,Virginia,Appomattox County,2005,13981
37,Virginia,Appomattox County,2006,14215
38,Virginia,Appomattox County,2007,14425
39,Virginia,Appomattox County,2008,14795
40,Virginia,Appomattox County,2009,14812
41,Virginia,Appomattox County,2010,15019
42,Virginia,Arlington County,2004,187901
43,Virginia,Arlington County,2005,187760
44,Virginia,Arlington County,2006,188176
45,Virginia,Arlington County,2007,190759
46,Virginia,Arlington County,2008,196305
47,Virginia,Arlington County,2009,202637
48,Virginia,Arlington County,2010,209457
49,Virginia,Augusta County,2004,68899
50,Virginia,Augusta County,2005,69949
51,Virginia,Augusta County,2006,71896
52,Virginia,Augusta County,2007,73041
53,Virginia,Augusta County,2008,73555
54,Virginia,Augusta County,2009,73844
55,Virginia,Augusta County,2010,73668
56,Virginia,Bath County,2004,4934
57,Virginia,Bath County,2005,4891
58,Virginia,Bath County,2006,4823
59,Virginia,Bath County,2007,4835
60,Virginia,Bath County,2008,4778
61,Virginia,Bath County,2009,4743
62,Virginia,Bath County,2010,4714
63,Virginia,Bedford County,2004,63563
64,Virginia,Bedford County,2005,64825
65,Virginia,Bedford County,2006,66363
66,Virginia,Bedford County,2007,67392
67,Virginia,Bedford County,2008,67594
68,Virginia,Bedford County,2009,68399
69,Virginia,Bedford County,2010,68735
70,Virginia,Bland County,2004,6913
71,Virginia,Bland County,2005,6873
72,Virginia,Bland County,2006,6840
73,Virginia,Bland County,2007,6930
74,Virginia,Bland County,2008,6921
75,Virginia,Bland County,2009,6868
76,Virginia,Bland County,2010,6808
77,Virginia,Botetourt County,2004,31715
78,Virginia,Botetourt County,2005,31803
79,Virginia,Botetourt County,2006,32491
80,Virginia,Botetourt County,2007,32681
81,Virginia,Botetourt County,2008,32955
82,Virginia,Botetourt County,2009,33042
83,Virginia,Botetourt County,2010,33165
84,Virginia,Brunswick County,2004,17981
85,Virginia,Brunswick County,2005,17981
86,Virginia,Brunswick County,2006,18011
87,Virginia,Brunswick County,2007,17823
88,Virginia,Brunswick County,2008,17791
89,Virginia,Brunswick County,2009,17507
90,Virginia,Brunswick County,2010,17404
91,Virginia,Buchanan County,2004,25647
92,Virginia,Buchanan County,2005,25315
93,Virginia,Buchanan County,2006,25009
94,Virginia,Buchanan County,2007,24670
95,Virginia,Buchanan County,2008,24371
96,Virginia,Buchanan County,2009,24234
97,Virginia,Buchanan County,2010,24012
98,Virginia,Buckingham County,2004,16168
99,Virginia,Buckingham County,2005,16401
100,Virginia,Buckingham County,2006,16547
101,Virginia,Buckingham County,2007,16737
102,Virginia,Buckingham County,2008,16819
103,Virginia,Buckingham County,2009,17148
104,Virginia,Buckingham County,2010,17120
105,Virginia,Campbell County,2004,52093
106,Virginia,Campbell County,2005,52795
107,Virginia,Campbell County,2006,53475
108,Virginia,Campbell County,2007,53769
109,Virginia,Campbell County,2008,54232
110,Virginia,Campbell County,2009,54472
111,Virginia,Campbell County,2010,54921
112,Virginia,Caroline County,2004,23920
113,Virginia,Caroline County,2005,25475
114,Virginia,Caroline County,2006,26722
115,Virginia,Caroline County,2007,27592
116,Virginia,Caroline County,2008,28011
117,Virginia,Caroline County,2009,28263
118,Virginia,Caroline County,2010,28631
119,Virginia,Carroll County,2004,29670
120,Virginia,Carroll County,2005,29660
121,Virginia,Carroll County,2006,29894
122,Virginia,Carroll County,2007,29933
123,Virginia,Carroll County,2008,30067
124,Virginia,Carroll County,2009,30002
125,Virginia,Carroll County,2010,30027
126,Virginia,Charles City County,2004,7050
127,Virginia,Charles City County,2005,7060
128,Virginia,Charles City County,2006,7156
129,Virginia,Charles City County,2007,7148
130,Virginia,Charles City County,2008,7232
131,Virginia,Charles City County,2009,7216
132,Virginia,Charles City County,2010,7271
133,Virginia,Charlotte County,2004,12524
134,Virginia,Charlotte County,2005,12631
135,Virginia,Charlotte County,2006,12731
136,Virginia,Charlotte County,2007,12680
137,Virginia,Charlotte County,2008,12654
138,Virginia,Charlotte County,2009,12588
139,Virginia,Charlotte County,2010,12568
140,Virginia,Chesterfield County,2004,283030
141,Virginia,Chesterfield County,2005,289998
142,Virginia,Chesterfield County,2006,298496
143,Virginia,Chesterfield County,2007,304636
144,Virginia,Chesterfield County,2008,309837
145,Virginia,Chesterfield County,2009,313096
146,Virginia,Chesterfield County,2010,317102
147,Virginia,Clarke County,2004,13413
148,Virginia,Clarke County,2005,13710
149,Virginia,Clarke County,2006,13939
150,Virginia,Clarke County,2007,13969
151,Virginia,Clarke County,2008,14092
152,Virginia,Clarke County,2009,14015
153,Virginia,Clarke County,2010,14052
154,Virginia,Craig County,2004,5142
155,Virginia,Craig County,2005,5139
156,Virginia,Craig County,2006,5158
157,Virginia,Craig County,2007,5212
158,Virginia,Craig County,2008,5167
159,Virginia,Craig County,2009,5120
160,Virginia,Craig County,2010,5208
161,Virginia,Culpeper County,2004,39670
162,Virginia,Culpeper County,2005,41894
163,Virginia,Culpeper County,2006,44076
164,Virginia,Culpeper County,2007,45527
165,Virginia,Culpeper County,2008,46056
166,Virginia,Culpeper County,2009,46236
167,Virginia,Culpeper County,2010,46850
168,Virginia,Cumberland County,2004,9223
169,Virginia,Cumberland County,2005,9465
170,Virginia,Cumberland County,2006,9596
171,Virginia,Cumberland County,2007,9762
172,Virginia,Cumberland County,2008,9849
173,Virginia,Cumberland County,2009,10013
174,Virginia,Cumberland County,2010,10056
175,Virginia,Dickenson County,2004,16003
176,Virginia,Dickenson County,2005,16111
177,Virginia,Dickenson County,2006,15958
178,Virginia,Dickenson County,2007,15971
179,Virginia,Dickenson County,2008,16078
180,Virginia,Dickenson County,2009,15925
181,Virginia,Dickenson County,2010,15897
182,Virginia,Dinwiddie County,2004,25770
183,Virginia,Dinwiddie County,2005,26149
184,Virginia,Dinwiddie County,2006,26590
185,Virginia,Dinwiddie County,2007,27078
186,Virginia,Dinwiddie County,2008,27694
187,Virginia,Dinwiddie County,2009,27888
188,Virginia,Dinwiddie County,2010,27995
189,Virginia,Essex County,2004,10238
190,Virginia,Essex County,2005,10445
191,Virginia,Essex County,2006,10576
192,Virginia,Essex County,2007,10739
193,Virginia,Essex County,2008,10920
194,Virginia,Essex County,2009,11104
195,Virginia,Essex County,2010,11167
196,Virginia,Fairfax County,2004,1010938
197,Virginia,Fairfax County,2005,1019490
198,Virginia,Fairfax County,2006,1018981
199,Virginia,Fairfax County,2007,1027727
200,Virginia,Fairfax County,2008,1044178
201,Virginia,Fairfax County,2009,1065142
202,Virginia,Fairfax County,2010,1086743
203,Virginia,Fauquier County,2004,61319
204,Virginia,Fauquier County,2005,62686
205,Virginia,Fauquier County,2006,63761
206,Virginia,Fauquier County,2007,64122
207,Virginia,Fauquier County,2008,64558
208,Virginia,Fauquier County,2009,64907
209,Virginia,Fauquier County,2010,65383
210,Virginia,Floyd County,2004,14371
211,Virginia,Floyd County,2005,14588
212,Virginia,Floyd County,2006,14762
213,Virginia,Floyd County,2007,14823
214,Virginia,Floyd County,2008,15101
215,Virginia,Floyd County,2009,15150
216,Virginia,Floyd County,2010,15316
217,Virginia,Fluvanna County,2004,23451
218,Virginia,Fluvanna County,2005,24318
219,Virginia,Fluvanna County,2006,24638
220,Virginia,Fluvanna County,2007,25134
221,Virginia,Fluvanna County,2008,25461
222,Virginia,Fluvanna County,2009,25576
223,Virginia,Fluvanna County,2010,25733
224,Virginia,Franklin County,2004,51001
225,Virginia,Franklin County,2005,51976
226,Virginia,Franklin County,2006,53037
227,Virginia,Franklin County,2007,54447
228,Virginia,Franklin County,2008,55284
229,Virginia,Franklin County,2009,55732
230,Virginia,Franklin County,2010,56191
231,Virginia,Frederick County,2004,67442
232,Virginia,Frederick County,2005,69921
233,Virginia,Frederick County,2006,72456
234,Virginia,Frederick County,2007,74670
235,Virginia,Frederick County,2008,76060
236,Virginia,Frederick County,2009,77477
237,Virginia,Frederick County,2010,78511
238,Virginia,Giles County,2004,16786
239,Virginia,Giles County,2005,16963
240,Virginia,Giles County,2006,17161
241,Virginia,Giles County,2007,17138
242,Virginia,Giles County,2008,17168
243,Virginia,Giles County,2009,17264
244,Virginia,Giles County,2010,17296
245,Virginia,Gloucester County,2004,35714
246,Virginia,Gloucester County,2005,36011
247,Virginia,Gloucester County,2006,36220
248,Virginia,Gloucester County,2007,36466
249,Virginia,Gloucester County,2008,36638
250,Virginia,Gloucester County,2009,36778
251,Virginia,Gloucester County,2010,36950
252,Virginia,Goochland County,2004,18570
253,Virginia,Goochland County,2005,19349
254,Virginia,Goochland County,2006,20176
255,Virginia,Goochland County,2007,20869
256,Virginia,Goochland County,2008,21285
257,Virginia,Goochland County,2009,21604
258,Virginia,Goochland County,2010,21745
259,Virginia,Grayson County,2004,16301
260,Virginia,Grayson County,2005,16153
261,Virginia,Grayson County,2006,16096
262,Virginia,Grayson County,2007,16066
263,Virginia,Grayson County,2008,15938
264,Virginia,Grayson County,2009,15696
265,Virginia,Grayson County,2010,15478
266,Virginia,Greene County,2004,16895
267,Virginia,Greene County,2005,17155
268,Virginia,Greene County,2006,17607
269,Virginia,Greene County,2007,17972
270,Virginia,Greene County,2008,18131
271,Virginia,Greene County,2009,18237
272,Virginia,Greene County,2010,18461
273,Virginia,Greensville County,2004,11428
274,Virginia,Greensville County,2005,12063
275,Virginia,Greensville County,2006,12048
276,Virginia,Greensville County,2007,12147
277,Virginia,Greensville County,2008,12206
278,Virginia,Greensville County,2009,12272
279,Virginia,Greensville County,2010,12234
280,Virginia,Halifax County,2004,36382
281,Virginia,Halifax County,2005,36340
282,Virginia,Halifax County,2006,36383
283,Virginia,Halifax County,2007,36338
284,Virginia,Halifax County,2008,36347
285,Virginia,Halifax County,2009,36293
286,Virginia,Halifax County,2010,36192
287,Virginia,Hanover County,2004,95295
288,Virginia,Hanover County,2005,96451
289,Virginia,Hanover County,2006,98025
290,Virginia,Hanover County,2007,98830
291,Virginia,Hanover County,2008,99404
292,Virginia,Hanover County,2009,99651
293,Virginia,Hanover County,2010,99948
294,Virginia,Henrico County,2004,280290
295,Virginia,Henrico County,2005,286441
296,Virginia,Henrico County,2006,291460
297,Virginia,Henrico County,2007,296408
298,Virginia,Henrico County,2008,300198
299,Virginia,Henrico County,2009,304763
300,Virginia,Henrico County,2010,307435
301,Virginia,Henry County,2004,56183
302,Virginia,Henry County,2005,55651
303,Virginia,Henry County,2006,55464
304,Virginia,Henry County,2007,55284
305,Virginia,Henry County,2008,55073
306,Virginia,Henry County,2009,54402
307,Virginia,Henry County,2010,54079
308,Virginia,Highland County,2004,2442
309,Virginia,Highland County,2005,2463
310,Virginia,Highland County,2006,2479
311,Virginia,Highland County,2007,2424
312,Virginia,Highland County,2008,2403
313,Virginia,Highland County,2009,2363
314,Virginia,Highland County,2010,2306
315,Virginia,Isle of Wight County,2004,31899
316,Virginia,Isle of Wight County,2005,32566
317,Virginia,Isle of Wight County,2006,33716
318,Virginia,Isle of Wight County,2007,34581
319,Virginia,Isle of Wight County,2008,34955
320,Virginia,Isle of Wight County,2009,35270
321,Virginia,Isle of Wight County,2010,35288
322,Virginia,James City County,2004,56182
323,Virginia,James City County,2005,58428
324,Virginia,James City County,2006,61133
325,Virginia,James City County,2007,63007
326,Virginia,James City County,2008,64436
327,Virginia,James City County,2009,66118
328,Virginia,James City County,2010,67237
329,Virginia,King and Queen County,2004,6739
330,Virginia,King and Queen County,2005,6792
331,Virginia,King and Queen County,2006,6915
332,Virginia,King and Queen County,2007,6948
333,Virginia,King and Queen County,2008,6916
334,Virginia,King and Queen County,2009,6893
335,Virginia,King and Queen County,2010,6959
336,Virginia,King George County,2004,19124
337,Virginia,King George County,2005,20476
338,Virginia,King George County,2006,21519
339,Virginia,King George County,2007,22444
340,Virginia,King George County,2008,22996
341,Virginia,King George County,2009,23335
342,Virginia,King George County,2010,23675
343,Virginia,King William County,2004,13975
344,Virginia,King William County,2005,14278
345,Virginia,King William County,2006,14874
346,Virginia,King William County,2007,15296
347,Virginia,King William County,2008,15604
348,Virginia,King William County,2009,15768
349,Virginia,King William County,2010,16003
350,Virginia,Lancaster County,2004,11514
351,Virginia,Lancaster County,2005,11533
352,Virginia,Lancaster County,2006,11551
353,Virginia,Lancaster County,2007,11573
354,Virginia,Lancaster County,2008,11481
355,Virginia,Lancaster County,2009,11403
356,Virginia,Lancaster County,2010,11380
357,Virginia,Lee County,2004,25168
358,Virginia,Lee County,2005,25150
359,Virginia,Lee County,2006,25228
360,Virginia,Lee County,2007,25322
361,Virginia,Lee County,2008,25463
362,Virginia,Lee County,2009,25578
363,Virginia,Lee County,2010,25578
364,Virginia,Loudoun County,2004,238299
365,Virginia,Loudoun County,2005,254909
366,Virginia,Loudoun County,2006,267194
367,Virginia,Loudoun County,2007,279704
368,Virginia,Loudoun County,2008,292570
369,Virginia,Loudoun County,2009,303661
370,Virginia,Loudoun County,2010,315134
371,Virginia,Louisa County,2004,28582
372,Virginia,Louisa County,2005,29835
373,Virginia,Louisa County,2006,30946
374,Virginia,Louisa County,2007,31716
375,Virginia,Louisa County,2008,32475
376,Virginia,Louisa County,2009,32840
377,Virginia,Louisa County,2010,33262
378,Virginia,Lunenburg County,2004,12952
379,Virginia,Lunenburg County,2005,13030
380,Virginia,Lunenburg County,2006,13070
381,Virginia,Lunenburg County,2007,13024
382,Virginia,Lunenburg County,2008,12936
383,Virginia,Lunenburg County,2009,12887
384,Virginia,Lunenburg County,2010,12922
385,Virginia,Madison County,2004,12902
386,Virginia,Madison County,2005,13106
387,Virginia,Madison County,2006,13291
388,Virginia,Madison County,2007,13429
389,Virginia,Madison County,2008,13332
390,Virginia,Madison County,2009,13358
391,Virginia,Madison County,2010,13299
392,Virginia,Mathews County,2004,9021
393,Virginia,Mathews County,2005,8962
394,Virginia,Mathews County,2006,8987
395,Virginia,Mathews County,2007,9026
396,Virginia,Mathews County,2008,9041
397,Virginia,Mathews County,2009,8997
398,Virginia,Mathews County,2010,8971
399,Virginia,Mecklenburg County,2004,32547
400,Virginia,Mecklenburg County,2005,32554
401,Virginia,Mecklenburg County,2006,32642
402,Virginia,Mecklenburg County,2007,32823
403,Virginia,Mecklenburg County,2008,32920
404,Virginia,Mecklenburg County,2009,32815
405,Virginia,Mecklenburg County,2010,32671
406,Virginia,Middlesex County,2004,10399
407,Virginia,Middlesex County,2005,10526
408,Virginia,Middlesex County,2006,10732
409,Virginia,Middlesex County,2007,10763
410,Virginia,Middlesex County,2008,10806
411,Virginia,Middlesex County,2009,10875
412,Virginia,Middlesex County,2010,10977
413,Virginia,Montgomery County,2004,87289
414,Virginia,Montgomery County,2005,88696
415,Virginia,Montgomery County,2006,90062
416,Virginia,Montgomery County,2007,91548
417,Virginia,Montgomery County,2008,92724
418,Virginia,Montgomery County,2009,93772
419,Virginia,Montgomery County,2010,94531
420,Virginia,Nelson County,2004,14699
421,Virginia,Nelson County,2005,14828
422,Virginia,Nelson County,2006,14809
423,Virginia,Nelson County,2007,14993
424,Virginia,Nelson County,2008,15050
425,Virginia,Nelson County,2009,15090
426,Virginia,Nelson County,2010,15003
427,Virginia,New Kent County,2004,15317
428,Virginia,New Kent County,2005,15953
429,Virginia,New Kent County,2006,16680
430,Virginia,New Kent County,2007,17254
431,Virginia,New Kent County,2008,17728
432,Virginia,New Kent County,2009,18057
433,Virginia,New Kent County,2010,18556
434,Virginia,Northampton County,2004,12759
435,Virginia,Northampton County,2005,12771
436,Virginia,Northampton County,2006,12776
437,Virginia,Northampton County,2007,12649
438,Virginia,Northampton County,2008,12586
439,Virginia,Northampton County,2009,12460
440,Virginia,Northampton County,2010,12388
441,Virginia,Northumberland County,2004,12487
442,Virginia,Northumberland County,2005,12501
443,Virginia,Northumberland County,2006,12430
444,Virginia,Northumberland County,2007,12466
445,Virginia,Northumberland County,2008,12496
446,Virginia,Northumberland County,2009,12379
447,Virginia,Northumberland County,2010,12326
448,Virginia,Nottoway County,2004,15628
449,Virginia,Nottoway County,2005,15795
450,Virginia,Nottoway County,2006,15719
451,Virginia,Nottoway County,2007,15799
452,Virginia,Nottoway County,2008,15847
453,Virginia,Nottoway County,2009,15894
454,Virginia,Nottoway County,2010,15837
455,Virginia,Orange County,2004,28658
456,Virginia,Orange County,2005,29990
457,Virginia,Orange County,2006,31438
458,Virginia,Orange County,2007,32273
459,Virginia,Orange County,2008,33077
460,Virginia,Orange County,2009,33329
461,Virginia,Orange County,2010,33535
462,Virginia,Page County,2004,23527
463,Virginia,Page County,2005,23708
464,Virginia,Page County,2006,24045
465,Virginia,Page County,2007,24222
466,Virginia,Page County,2008,24208
467,Virginia,Page County,2009,24076
468,Virginia,Page County,2010,24027
469,Virginia,Patrick County,2004,18836
470,Virginia,Patrick County,2005,18802
471,Virginia,Patrick County,2006,18766
472,Virginia,Patrick County,2007,18748
473,Virginia,Patrick County,2008,18677
474,Virginia,Patrick County,2009,18562
475,Virginia,Patrick County,2010,18464
476,Virginia,Pittsylvania County,2004,62279
477,Virginia,Pittsylvania County,2005,62467
478,Virginia,Pittsylvania County,2006,62586
479,Virginia,Pittsylvania County,2007,62803
480,Virginia,Pittsylvania County,2008,63472
481,Virginia,Pittsylvania County,2009,63386
482,Virginia,Pittsylvania County,2010,63488
483,Virginia,Powhatan County,2004,25568
484,Virginia,Powhatan County,2005,26372
485,Virginia,Powhatan County,2006,27391
486,Virginia,Powhatan County,2007,27599
487,Virginia,Powhatan County,2008,27745
488,Virginia,Powhatan County,2009,27983
489,Virginia,Powhatan County,2010,28071
490,Virginia,Prince Edward County,2004,20639
491,Virginia,Prince Edward County,2005,21341
492,Virginia,Prince Edward County,2006,21722
493,Virginia,Prince Edward County,2007,22293
494,Virginia,Prince Edward County,2008,22959
495,Virginia,Prince Edward County,2009,23260
496,Virginia,Prince Edward County,2010,23379
497,Virginia,Prince George County,2004,34925
498,Virginia,Prince George County,2005,34798
499,Virginia,Prince George County,2006,34575
500,Virginia,Prince George County,2007,34466
501,Virginia,Prince George County,2008,35059
502,Virginia,Prince George County,2009,35828
503,Virginia,Prince George County,2010,35716
504,Virginia,Prince William County,2004,337439
505,Virginia,Prince William County,2005,350612
506,Virginia,Prince William County,2006,359174
507,Virginia,Prince William County,2007,368016
508,Virginia,Prince William County,2008,374776
509,Virginia,Prince William County,2009,389001
510,Virginia,Prince William County,2010,406110
511,Virginia,Pulaski County,2004,34829
512,Virginia,Pulaski County,2005,34748
513,Virginia,Pulaski County,2006,34891
514,Virginia,Pulaski County,2007,35058
515,Virginia,Pulaski County,2008,35051
516,Virginia,Pulaski County,2009,34988
517,Virginia,Pulaski County,2010,34829
518,Virginia,Rappahannock County,2004,7289
519,Virginia,Rappahannock County,2005,7384
520,Virginia,Rappahannock County,2006,7348
521,Virginia,Rappahannock County,2007,7403
522,Virginia,Rappahannock County,2008,7420
523,Virginia,Rappahannock County,2009,7333
524,Virginia,Rappahannock County,2010,7376
525,Virginia,Richmond County,2004,9202
526,Virginia,Richmond County,2005,9213
527,Virginia,Richmond County,2006,9328
528,Virginia,Richmond County,2007,9426
529,Virginia,Richmond County,2008,9386
530,Virginia,Richmond County,2009,9251
531,Virginia,Richmond County,2010,9248
532,Virginia,Roanoke County,2004,88177
533,Virginia,Roanoke County,2005,89245
534,Virginia,Roanoke County,2006,90489
535,Virginia,Roanoke County,2007,91120
536,Virginia,Roanoke County,2008,91704
537,Virginia,Roanoke County,2009,92215
538,Virginia,Roanoke County,2010,92389
539,Virginia,Rockbridge County,2004,21432
540,Virginia,Rockbridge County,2005,21738
541,Virginia,Rockbridge County,2006,21931
542,Virginia,Rockbridge County,2007,22228
543,Virginia,Rockbridge County,2008,22363
544,Virginia,Rockbridge County,2009,22269
545,Virginia,Rockbridge County,2010,22294
546,Virginia,Rockingham County,2004,70789
547,Virginia,Rockingham County,2005,72030
548,Virginia,Rockingham County,2006,73000
549,Virginia,Rockingham County,2007,74274
550,Virginia,Rockingham County,2008,75075
551,Virginia,Rockingham County,2009,75850
552,Virginia,Rockingham County,2010,76413
553,Virginia,Russell County,2004,28546
554,Virginia,Russell County,2005,28508
555,Virginia,Russell County,2006,28618
556,Virginia,Russell County,2007,28889
557,Virginia,Russell County,2008,28831
558,Virginia,Russell County,2009,29012
559,Virginia,Russell County,2010,28862
560,Virginia,Scott County,2004,22954
561,Virginia,Scott County,2005,23084
562,Virginia,Scott County,2006,23272
563,Virginia,Scott County,2007,23302
564,Virginia,Scott County,2008,23237
565,Virginia,Scott County,2009,23212
566,Virginia,Scott County,2010,23147
567,Virginia,Shenandoah County,2004,38272
568,Virginia,Shenandoah County,2005,39406
569,Virginia,Shenandoah County,2006,40610
570,Virginia,Shenandoah County,2007,41214
571,Virginia,Shenandoah County,2008,41720
572,Virginia,Shenandoah County,2009,41743
573,Virginia,Shenandoah County,2010,42053
574,Virginia,Smyth County,2004,32570
575,Virginia,Smyth County,2005,32519
576,Virginia,Smyth County,2006,32632
577,Virginia,Smyth County,2007,32449
578,Virginia,Smyth County,2008,32386
579,Virginia,Smyth County,2009,32283
580,Virginia,Smyth County,2010,32163
581,Virginia,Southampton County,2004,17535
582,Virginia,Southampton County,2005,17810
583,Virginia,Southampton County,2006,18028
584,Virginia,Southampton County,2007,18571
585,Virginia,Southampton County,2008,18706
586,Virginia,Southampton County,2009,18607
587,Virginia,Southampton County,2010,18552
588,Virginia,Spotsylvania County,2004,110580
589,Virginia,Spotsylvania County,2005,115017
590,Virginia,Spotsylvania County,2006,117891
591,Virginia,Spotsylvania County,2007,119083
592,Virginia,Spotsylvania County,2008,120195
593,Virginia,Spotsylvania County,2009,121038
594,Virginia,Spotsylvania County,2010,122853
595,Virginia,Stafford County,2004,113798
596,Virginia,Stafford County,2005,117611
597,Virginia,Stafford County,2006,119892
598,Virginia,Stafford County,2007,122526
599,Virginia,Stafford County,2008,124323
600,Virginia,Stafford County,2009,126449
601,Virginia,Stafford County,2010,129745
602,Virginia,Surry County,2004,6873
603,Virginia,Surry County,2005,6865
604,Virginia,Surry County,2006,6991
605,Virginia,Surry County,2007,7042
606,Virginia,Surry County,2008,7061
607,Virginia,Surry County,2009,7037
608,Virginia,Surry County,2010,7064
609,Virginia,Sussex County,2004,12014
610,Virginia,Sussex County,2005,11933
611,Virginia,Sussex County,2006,12193
612,Virginia,Sussex County,2007,12191
613,Virginia,Sussex County,2008,12215
614,Virginia,Sussex County,2009,12175
615,Virginia,Sussex County,2010,12060
616,Virginia,Tazewell County,2004,44102
617,Virginia,Tazewell County,2005,44025
618,Virginia,Tazewell County,2006,44195
619,Virginia,Tazewell County,2007,44169
620,Virginia,Tazewell County,2008,45020
621,Virginia,Tazewell County,2009,45069
622,Virginia,Tazewell County,2010,45078
623,Virginia,Warren County,2004,34434
624,Virginia,Warren County,2005,35405
625,Virginia,Warren County,2006,36231
626,Virginia,Warren County,2007,36814
627,Virginia,Warren County,2008,37259
628,Virginia,Warren County,2009,37240
629,Virginia,Warren County,2010,37676
630,Virginia,Washington County,2004,52341
631,Virginia,Washington County,2005,52940
632,Virginia,Washington County,2006,53322
633,Virginia,Washington County,2007,54216
634,Virginia,Washington County,2008,54475
635,Virginia,Washington County,2009,54722
636,Virginia,Washington County,2010,54877
637,Virginia,Westmoreland County,2004,16658
638,Virginia,Westmoreland County,2005,16757
639,Virginia,Westmoreland County,2006,16841
640,Virginia,Westmoreland County,2007,17127
641,Virginia,Westmoreland County,2008,17305
642,Virginia,Westmoreland County,2009,17448
643,Virginia,Westmoreland County,2010,17463
644,Virginia,Wise County,2004,41591
645,Virginia,Wise County,2005,41585
646,Virginia,Wise County,2006,41531
647,Virginia,Wise County,2007,41543
648,Virginia,Wise County,2008,41489
649,Virginia,Wise County,2009,41454
650,Virginia,Wise County,2010,41463
651,Virginia,Wythe County,2004,27947
652,Virginia,Wythe County,2005,28349
653,Virginia,Wythe County,2006,28628
654,Virginia,Wythe County,2007,28827
655,Virginia,Wythe County,2008,29123
656,Virginia,Wythe County,2009,29216
657,Virginia,Wythe County,2010,29230
658,Virginia,York County,2004,61926
659,Virginia,York County,2005,63076
660,Virginia,York County,2006,63912
661,Virginia,York County,2007,64710
662,Virginia,York County,2008,64944
663,Virginia,York County,2009,65197
664,Virginia,York County,2010,65467
665,Virginia,Alexandria city,2004,128765
666,Virginia,Alexandria city,2005,128181
667,Virginia,Alexandria city,2006,127676
668,Virginia,Alexandria city,2007,129175
669,Virginia,Alexandria city,2008,132949
670,Virginia,Alexandria city,2009,137523
671,Virginia,Alexandria city,2010,140912
672,Virginia,Bedford city,2004,6198
673,Virginia,Bedford city,2005,6186
674,Virginia,Bedford city,2006,6147
675,Virginia,Bedford city,2007,6169
676,Virginia,Bedford city,2008,6150
677,Virginia,Bedford city,2009,6174
678,Virginia,Bedford city,2010,6243
679,Virginia,Bristol city,2004,17536
680,Virginia,Bristol city,2005,17493
681,Virginia,Bristol city,2006,17684
682,Virginia,Bristol city,2007,17540
683,Virginia,Bristol city,2008,17631
684,Virginia,Bristol city,2009,17842
685,Virginia,Bristol city,2010,17822
686,Virginia,Buena Vista city,2004,6588
687,Virginia,Buena Vista city,2005,6634
688,Virginia,Buena Vista city,2006,6679
689,Virginia,Buena Vista city,2007,6618
690,Virginia,Buena Vista city,2008,6664
691,Virginia,Buena Vista city,2009,6677
692,Virginia,Buena Vista city,2010,6627
693,Virginia,Charlottesville city,2004,40281
694,Virginia,Charlottesville city,2005,40597
695,Virginia,Charlottesville city,2006,41066
696,Virginia,Charlottesville city,2007,41538
697,Virginia,Charlottesville city,2008,42130
698,Virginia,Charlottesville city,2009,43054
699,Virginia,Charlottesville city,2010,43547
700,Virginia,Chesapeake city,2004,211927
701,Virginia,Chesapeake city,2005,215128
702,Virginia,Chesapeake city,2006,217271
703,Virginia,Chesapeake city,2007,217450
704,Virginia,Chesapeake city,2008,218458
705,Virginia,Chesapeake city,2009,220176
706,Virginia,Chesapeake city,2010,222986
707,Virginia,Colonial Heights city,2004,17296
708,Virginia,Colonial Heights city,2005,17348
709,Virginia,Colonial Heights city,2006,17604
710,Virginia,Colonial Heights city,2007,17462
711,Virginia,Colonial Heights city,2008,17387
712,Virginia,Colonial Heights city,2009,17525
713,Virginia,Colonial Heights city,2010,17381
714,Virginia,Covington city,2004,6192
715,Virginia,Covington city,2005,6073
716,Virginia,Covington city,2006,5979
717,Virginia,Covington city,2007,6057
718,Virginia,Covington city,2008,5991
719,Virginia,Covington city,2009,5948
720,Virginia,Covington city,2010,5971
721,Virginia,Danville city,2004,45788
722,Virginia,Danville city,2005,45086
723,Virginia,Danville city,2006,44586
724,Virginia,Danville city,2007,44162
725,Virginia,Danville city,2008,43765
726,Virginia,Danville city,2009,43496
727,Virginia,Danville city,2010,42928
728,Virginia,Emporia city,2004,5659
729,Virginia,Emporia city,2005,5657
730,Virginia,Emporia city,2006,5734
731,Virginia,Emporia city,2007,5755
732,Virginia,Emporia city,2008,5820
733,Virginia,Emporia city,2009,5865
734,Virginia,Emporia city,2010,5937
735,Virginia,Fairfax city,2004,21160
736,Virginia,Fairfax city,2005,20860
737,Virginia,Fairfax city,2006,21407
738,Virginia,Fairfax city,2007,21682
739,Virginia,Fairfax city,2008,22112
740,Virginia,Fairfax city,2009,22418
741,Virginia,Fairfax city,2010,22671
742,Virginia,Falls Church city,2004,10589
743,Virginia,Falls Church city,2005,10840
744,Virginia,Falls Church city,2006,10852
745,Virginia,Falls Church city,2007,10947
746,Virginia,Falls Church city,2008,11219
747,Virginia,Falls Church city,2009,11787
748,Virginia,Falls Church city,2010,12520
749,Virginia,Franklin city,2004,8177
750,Virginia,Franklin city,2005,8278
751,Virginia,Franklin city,2006,8489
752,Virginia,Franklin city,2007,8611
753,Virginia,Franklin city,2008,8538
754,Virginia,Franklin city,2009,8489
755,Virginia,Franklin city,2010,8619
756,Virginia,Fredericksburg city,2004,21567
757,Virginia,Fredericksburg city,2005,21660
758,Virginia,Fredericksburg city,2006,22479
759,Virginia,Fredericksburg city,2007,22898
760,Virginia,Fredericksburg city,2008,23277
761,Virginia,Fredericksburg city,2009,23775
762,Virginia,Fredericksburg city,2010,24445
763,Virginia,Galax city,2004,6790
764,Virginia,Galax city,2005,6821
765,Virginia,Galax city,2006,6879
766,Virginia,Galax city,2007,6880
767,Virginia,Galax city,2008,6888
768,Virginia,Galax city,2009,6966
769,Virginia,Galax city,2010,7067
770,Virginia,Hampton city,2004,140200
771,Virginia,Hampton city,2005,141314
772,Virginia,Hampton city,2006,140839
773,Virginia,Hampton city,2007,140222
774,Virginia,Hampton city,2008,138957
775,Virginia,Hampton city,2009,137833
776,Virginia,Hampton city,2010,137381
777,Virginia,Harrisonburg city,2004,43753
778,Virginia,Harrisonburg city,2005,44572
779,Virginia,Harrisonburg city,2006,45858
780,Virginia,Harrisonburg city,2007,46551
781,Virginia,Harrisonburg city,2008,47286
782,Virginia,Harrisonburg city,2009,48294
783,Virginia,Harrisonburg city,2010,49041
784,Virginia,Hopewell city,2004,21998
785,Virginia,Hopewell city,2005,22131
786,Virginia,Hopewell city,2006,22295
787,Virginia,Hopewell city,2007,22549
788,Virginia,Hopewell city,2008,22576
789,Virginia,Hopewell city,2009,22455
790,Virginia,Hopewell city,2010,22655
791,Virginia,Lexington city,2004,6810
792,Virginia,Lexington city,2005,6903
793,Virginia,Lexington city,2006,6978
794,Virginia,Lexington city,2007,6956
795,Virginia,Lexington city,2008,6963
796,Virginia,Lexington city,2009,7006
797,Virginia,Lexington city,2010,7046
798,Virginia,Lynchburg city,2004,67021
799,Virginia,Lynchburg city,2005,68773
800,Virginia,Lynchburg city,2006,70919
801,Virginia,Lynchburg city,2007,72869
802,Virginia,Lynchburg city,2008,74018
803,Virginia,Lynchburg city,2009,75137
804,Virginia,Lynchburg city,2010,75686
805,Virginia,Manassas city,2004,36564
806,Virginia,Manassas city,2005,36452
807,Virginia,Manassas city,2006,35631
808,Virginia,Manassas city,2007,34969
809,Virginia,Manassas city,2008,34858
810,Virginia,Manassas city,2009,36674
811,Virginia,Manassas city,2010,38201
812,Virginia,Manassas Park city,2004,11982
813,Virginia,Manassas Park city,2005,12451
814,Virginia,Manassas Park city,2006,12490
815,Virginia,Manassas Park city,2007,12677
816,Virginia,Manassas Park city,2008,12744
817,Virginia,Manassas Park city,2009,13613
818,Virginia,Manassas Park city,2010,14450
819,Virginia,Martinsville city,2004,14448
820,Virginia,Martinsville city,2005,14405
821,Virginia,Martinsville city,2006,14281
822,Virginia,Martinsville city,2007,14042
823,Virginia,Martinsville city,2008,14040
824,Virginia,Martinsville city,2009,14012
825,Virginia,Martinsville city,2010,13769
826,Virginia,Newport News city,2004,185204
827,Virginia,Newport News city,2005,183651
828,Virginia,Newport News city,2006,183581
829,Virginia,Newport News city,2007,182528
830,Virginia,Newport News city,2008,181287
831,Virginia,Newport News city,2009,181000
832,Virginia,Newport News city,2010,180712
833,Virginia,Norfolk city,2004,243836
834,Virginia,Norfolk city,2005,239650
835,Virginia,Norfolk city,2006,243406
836,Virginia,Norfolk city,2007,241248
837,Virginia,Norfolk city,2008,241201
838,Virginia,Norfolk city,2009,241725
839,Virginia,Norfolk city,2010,243135
840,Virginia,Norton city,2004,3847
841,Virginia,Norton city,2005,3767
842,Virginia,Norton city,2006,3825
843,Virginia,Norton city,2007,3869
844,Virginia,Norton city,2008,3861
845,Virginia,Norton city,2009,3903
846,Virginia,Norton city,2010,3971
847,Virginia,Petersburg city,2004,32292
848,Virginia,Petersburg city,2005,31930
849,Virginia,Petersburg city,2006,32181
850,Virginia,Petersburg city,2007,32318
851,Virginia,Petersburg city,2008,32321
852,Virginia,Petersburg city,2009,32168
853,Virginia,Petersburg city,2010,32527
854,Virginia,Poquoson city,2004,11772
855,Virginia,Poquoson city,2005,11879
856,Virginia,Poquoson city,2006,12008
857,Virginia,Poquoson city,2007,12089
858,Virginia,Poquoson city,2008,12103
859,Virginia,Poquoson city,2009,12153
860,Virginia,Poquoson city,2010,12141
861,Virginia,Portsmouth city,2004,97428
862,Virginia,Portsmouth city,2005,98069
863,Virginia,Portsmouth city,2006,99213
864,Virginia,Portsmouth city,2007,97831
865,Virginia,Portsmouth city,2008,95802
866,Virginia,Portsmouth city,2009,95384
867,Virginia,Portsmouth city,2010,95696
868,Virginia,Radford city,2004,15743
869,Virginia,Radford city,2005,15995
870,Virginia,Radford city,2006,16163
871,Virginia,Radford city,2007,16341
872,Virginia,Radford city,2008,16304
873,Virginia,Radford city,2009,16361
874,Virginia,Radford city,2010,16423
875,Virginia,Richmond city,2004,196878
876,Virginia,Richmond city,2005,197465
877,Virginia,Richmond city,2006,198618
878,Virginia,Richmond city,2007,200201
879,Virginia,Richmond city,2008,202254
880,Virginia,Richmond city,2009,203678
881,Virginia,Richmond city,2010,204389
882,Virginia,Roanoke city,2004,93614
883,Virginia,Roanoke city,2005,93932
884,Virginia,Roanoke city,2006,94247
885,Virginia,Roanoke city,2007,94916
886,Virginia,Roanoke city,2008,95813
887,Virginia,Roanoke city,2009,97023
888,Virginia,Roanoke city,2010,96967
889,Virginia,Salem city,2004,24096
890,Virginia,Salem city,2005,24310
891,Virginia,Salem city,2006,24508
892,Virginia,Salem city,2007,24482
893,Virginia,Salem city,2008,24673
894,Virginia,Salem city,2009,24684
895,Virginia,Salem city,2010,24860
896,Virginia,Staunton city,2004,23501
897,Virginia,Staunton city,2005,23603
898,Virginia,Staunton city,2006,23638
899,Virginia,Staunton city,2007,23920
900,Virginia,Staunton city,2008,23945
901,Virginia,Staunton city,2009,23764
902,Virginia,Staunton city,2010,23765
903,Virginia,Suffolk city,2004,75725
904,Virginia,Suffolk city,2005,77957
905,Virginia,Suffolk city,2006,80291
906,Virginia,Suffolk city,2007,81273
907,Virginia,Suffolk city,2008,82603
908,Virginia,Suffolk city,2009,83648
909,Virginia,Suffolk city,2010,84906
910,Virginia,Virginia Beach city,2004,437494
911,Virginia,Virginia Beach city,2005,436210
912,Virginia,Virginia Beach city,2006,437739
913,Virginia,Virginia Beach city,2007,434732
914,Virginia,Virginia Beach city,2008,433331
915,Virginia,Virginia Beach city,2009,435004
916,Virginia,Virginia Beach city,2010,439172
917,Virginia,Waynesboro city,2004,20351
918,Virginia,Waynesboro city,2005,20533
919,Virginia,Waynesboro city,2006,20728
920,Virginia,Waynesboro city,2007,20747
921,Virginia,Waynesboro city,2008,20920
922,Virginia,Waynesboro city,2009,20985
923,Virginia,Waynesboro city,2010,21045
924,Virginia,Williamsburg city,2004,11986
925,Virginia,Williamsburg city,2005,12400
926,Virginia,Williamsburg city,2006,12810
927,Virginia,Williamsburg city,2007,13142
928,Virginia,Williamsburg city,2008,13296
929,Virginia,Williamsburg city,2009,13687
930,Virginia,Williamsburg city,2010,14170
931,Virginia,Winchester city,2004,25175
932,Virginia,Winchester city,2005,25565
933,Virginia,Winchester city,2006,25757
934,Virginia,Winchester city,2007,25701
935,Virginia,Winchester city,2008,26004
936,Virginia,Winchester city,2009,26036
937,Virginia,Winchester city,2010,26268
938,Virginia,Accomack County,2011,33222
939,Virginia,Accomack County,2012,33264
940,Virginia,Accomack County,2013,32963
941,Virginia,Accomack County,2014,32965
942,Virginia,Accomack County,2015,32911
943,Virginia,Accomack County,2016,32818
944,Virginia,Accomack County,2017,32545
945,Virginia,Albemarle County,2011,100259
946,Virginia,Albemarle County,2012,101476
947,Virginia,Albemarle County,2013,102349
948,Virginia,Albemarle County,2014,103835
949,Virginia,Albemarle County,2015,105218
950,Virginia,Albemarle County,2016,106419
951,Virginia,Albemarle County,2017,107702
952,Virginia,Alleghany County,2011,16158
953,Virginia,Alleghany County,2012,16030
954,Virginia,Alleghany County,2013,15917
955,Virginia,Alleghany County,2014,15604
956,Virginia,Alleghany County,2015,15429
957,Virginia,Alleghany County,2016,15372
958,Virginia,Alleghany County,2017,15122
959,Virginia,Amelia County,2011,12752
960,Virginia,Amelia County,2012,12747
961,Virginia,Amelia County,2013,12659
962,Virginia,Amelia County,2014,12717
963,Virginia,Amelia County,2015,12784
964,Virginia,Amelia County,2016,12830
965,Virginia,Amelia County,2017,13020
966,Virginia,Amherst County,2011,32110
967,Virginia,Amherst County,2012,32436
968,Virginia,Amherst County,2013,32156
969,Virginia,Amherst County,2014,32039
970,Virginia,Amherst County,2015,31638
971,Virginia,Amherst County,2016,31667
972,Virginia,Amherst County,2017,31594
973,Virginia,Appomattox County,2011,15104
974,Virginia,Appomattox County,2012,15241
975,Virginia,Appomattox County,2013,15316
976,Virginia,Appomattox County,2014,15340
977,Virginia,Appomattox County,2015,15468
978,Virginia,Appomattox County,2016,15505
979,Virginia,Appomattox County,2017,15681
980,Virginia,Arlington County,2011,216430
981,Virginia,Arlington County,2012,221729
982,Virginia,Arlington County,2013,225624
983,Virginia,Arlington County,2014,226503
984,Virginia,Arlington County,2015,228969
985,Virginia,Arlington County,2016,231610
986,Virginia,Arlington County,2017,234965
987,Virginia,Augusta County,2011,73641
988,Virginia,Augusta County,2012,73576
989,Virginia,Augusta County,2013,73847
990,Virginia,Augusta County,2014,73885
991,Virginia,Augusta County,2015,74301
992,Virginia,Augusta County,2016,74774
993,Virginia,Augusta County,2017,75144
994,Virginia,Bath County,2011,4655
995,Virginia,Bath County,2012,4640
996,Virginia,Bath County,2013,4588
997,Virginia,Bath County,2014,4533
998,Virginia,Bath County,2015,4460
999,Virginia,Bath County,2016,4413
1000,Virginia,Bath County,2017,4297
1001,Virginia,Bedford County,2011,75560
1002,Virginia,Bedford County,2012,75758
1003,Virginia,Bedford County,2013,76195
1004,Virginia,Bedford County,2014,77035
1005,Virginia,Bedford County,2015,77562
1006,Virginia,Bedford County,2016,77828
1007,Virginia,Bedford County,2017,77974
1008,Virginia,Bland County,2011,6776
1009,Virginia,Bland County,2012,6695
1010,Virginia,Bland County,2013,6675
1011,Virginia,Bland County,2014,6587
1012,Virginia,Bland County,2015,6535
1013,Virginia,Bland County,2016,6475
1014,Virginia,Bland County,2017,6350
1015,Virginia,Botetourt County,2011,32998
1016,Virginia,Botetourt County,2012,33118
1017,Virginia,Botetourt County,2013,32990
1018,Virginia,Botetourt County,2014,33074
1019,Virginia,Botetourt County,2015,33340
1020,Virginia,Botetourt County,2016,33150
1021,Virginia,Botetourt County,2017,33192
1022,Virginia,Brunswick County,2011,17131
1023,Virginia,Brunswick County,2012,17035
1024,Virginia,Brunswick County,2013,16661
1025,Virginia,Brunswick County,2014,16495
1026,Virginia,Brunswick County,2015,16502
1027,Virginia,Brunswick County,2016,16275
1028,Virginia,Brunswick County,2017,16244
1029,Virginia,Buchanan County,2011,23818
1030,Virginia,Buchanan County,2012,23813
1031,Virginia,Buchanan County,2013,23617
1032,Virginia,Buchanan County,2014,23134
1033,Virginia,Buchanan County,2015,22687
1034,Virginia,Buchanan County,2016,22102
1035,Virginia,Buchanan County,2017,21514
1036,Virginia,Buckingham County,2011,17212
1037,Virginia,Buckingham County,2012,17068
1038,Virginia,Buckingham County,2013,17156
1039,Virginia,Buckingham County,2014,16938
1040,Virginia,Buckingham County,2015,17022
1041,Virginia,Buckingham County,2016,17060
1042,Virginia,Buckingham County,2017,17065
1043,Virginia,Campbell County,2011,54791
1044,Virginia,Campbell County,2012,54835
1045,Virginia,Campbell County,2013,55086
1046,Virginia,Campbell County,2014,55254
1047,Virginia,Campbell County,2015,55258
1048,Virginia,Campbell County,2016,55180
1049,Virginia,Campbell County,2017,55010
1050,Virginia,Caroline County,2011,28677
1051,Virginia,Caroline County,2012,28954
1052,Virginia,Caroline County,2013,29261
1053,Virginia,Caroline County,2014,29754
1054,Virginia,Caroline County,2015,29898
1055,Virginia,Caroline County,2016,30071
1056,Virginia,Caroline County,2017,30461
1057,Virginia,Carroll County,2011,30092
1058,Virginia,Carroll County,2012,29918
1059,Virginia,Carroll County,2013,29907
1060,Virginia,Carroll County,2014,29699
1061,Virginia,Carroll County,2015,29822
1062,Virginia,Carroll County,2016,29699
1063,Virginia,Carroll County,2017,29708
1064,Virginia,Charles City County,2011,7204
1065,Virginia,Charles City County,2012,7126
1066,Virginia,Charles City County,2013,7071
1067,Virginia,Charles City County,2014,6975
1068,Virginia,Charles City County,2015,7038
1069,Virginia,Charles City County,2016,7023
1070,Virginia,Charles City County,2017,7004
1071,Virginia,Charlotte County,2011,12490
1072,Virginia,Charlotte County,2012,12395
1073,Virginia,Charlotte County,2013,12277
1074,Virginia,Charlotte County,2014,12177
1075,Virginia,Charlotte County,2015,12176
1076,Virginia,Charlotte County,2016,12130
1077,Virginia,Charlotte County,2017,12119
1078,Virginia,Chesterfield County,2011,320422
1079,Virginia,Chesterfield County,2012,323986
1080,Virginia,Chesterfield County,2013,327879
1081,Virginia,Chesterfield County,2014,332425
1082,Virginia,Chesterfield County,2015,335251
1083,Virginia,Chesterfield County,2016,338815
1084,Virginia,Chesterfield County,2017,343599
1085,Virginia,Clarke County,2011,14187
1086,Virginia,Clarke County,2012,14242
1087,Virginia,Clarke County,2013,14250
1088,Virginia,Clarke County,2014,14320
1089,Virginia,Clarke County,2015,14255
1090,Virginia,Clarke County,2016,14322
1091,Virginia,Clarke County,2017,14508
1092,Virginia,Craig County,2011,5169
1093,Virginia,Craig County,2012,5138
1094,Virginia,Craig County,2013,5138
1095,Virginia,Craig County,2014,5178
1096,Virginia,Craig County,2015,5139
1097,Virginia,Craig County,2016,5140
1098,Virginia,Craig County,2017,5062
1099,Virginia,Culpeper County,2011,47340
1100,Virginia,Culpeper County,2012,47841
1101,Virginia,Culpeper County,2013,48615
1102,Virginia,Culpeper County,2014,49230
1103,Virginia,Culpeper County,2015,49513
1104,Virginia,Culpeper County,2016,50333
1105,Virginia,Culpeper County,2017,51282
1106,Virginia,Cumberland County,2011,9982
1107,Virginia,Cumberland County,2012,9839
1108,Virginia,Cumberland County,2013,9845
1109,Virginia,Cumberland County,2014,9839
1110,Virginia,Cumberland County,2015,9746
1111,Virginia,Cumberland County,2016,9742
1112,Virginia,Cumberland County,2017,9811
1113,Virginia,Dickenson County,2011,15782
1114,Virginia,Dickenson County,2012,15712
1115,Virginia,Dickenson County,2013,15531
1116,Virginia,Dickenson County,2014,15348
1117,Virginia,Dickenson County,2015,15206
1118,Virginia,Dickenson County,2016,15040
1119,Virginia,Dickenson County,2017,14782
1120,Virginia,Dinwiddie County,2011,28114
1121,Virginia,Dinwiddie County,2012,28191
1122,Virginia,Dinwiddie County,2013,28071
1123,Virginia,Dinwiddie County,2014,28012
1124,Virginia,Dinwiddie County,2015,27849
1125,Virginia,Dinwiddie County,2016,28025
1126,Virginia,Dinwiddie County,2017,28208
1127,Virginia,Essex County,2011,11166
1128,Virginia,Essex County,2012,11129
1129,Virginia,Essex County,2013,11154
1130,Virginia,Essex County,2014,11057
1131,Virginia,Essex County,2015,11078
1132,Virginia,Essex County,2016,11096
1133,Virginia,Essex County,2017,11028
1134,Virginia,Fairfax County,2011,1105720
1135,Virginia,Fairfax County,2012,1121834
1136,Virginia,Fairfax County,2013,1135460
1137,Virginia,Fairfax County,2014,1139292
1138,Virginia,Fairfax County,2015,1142197
1139,Virginia,Fairfax County,2016,1144636
1140,Virginia,Fairfax County,2017,1148433
1141,Virginia,Fauquier County,2011,66063
1142,Virginia,Fauquier County,2012,66591
1143,Virginia,Fauquier County,2013,67174
1144,Virginia,Fauquier County,2014,68161
1145,Virginia,Fauquier County,2015,68445
1146,Virginia,Fauquier County,2016,68784
1147,Virginia,Fauquier County,2017,69465
1148,Virginia,Floyd County,2011,15399
1149,Virginia,Floyd County,2012,15431
1150,Virginia,Floyd County,2013,15482
1151,Virginia,Floyd County,2014,15526
1152,Virginia,Floyd County,2015,15547
1153,Virginia,Floyd County,2016,15658
1154,Virginia,Floyd County,2017,15755
1155,Virginia,Fluvanna County,2011,25956
1156,Virginia,Fluvanna County,2012,25885
1157,Virginia,Fluvanna County,2013,25826
1158,Virginia,Fluvanna County,2014,25974
1159,Virginia,Fluvanna County,2015,26122
1160,Virginia,Fluvanna County,2016,26169
1161,Virginia,Fluvanna County,2017,26452
1162,Virginia,Franklin County,2011,56343
1163,Virginia,Franklin County,2012,56299
1164,Virginia,Franklin County,2013,56279
1165,Virginia,Franklin County,2014,56272
1166,Virginia,Franklin County,2015,56231
1167,Virginia,Franklin County,2016,56159
1168,Virginia,Franklin County,2017,56445
1169,Virginia,Frederick County,2011,79528
1170,Virginia,Frederick County,2012,80259
1171,Virginia,Frederick County,2013,81501
1172,Virginia,Frederick County,2014,82740
1173,Virginia,Frederick County,2015,83512
1174,Virginia,Frederick County,2016,84684
1175,Virginia,Frederick County,2017,86484
1176,Virginia,Giles County,2011,17149
1177,Virginia,Giles County,2012,17017
1178,Virginia,Giles County,2013,16986
1179,Virginia,Giles County,2014,16851
1180,Virginia,Giles County,2015,16773
1181,Virginia,Giles County,2016,16887
1182,Virginia,Giles County,2017,16837
1183,Virginia,Gloucester County,2011,36885
1184,Virginia,Gloucester County,2012,36834
1185,Virginia,Gloucester County,2013,36765
1186,Virginia,Gloucester County,2014,37019
1187,Virginia,Gloucester County,2015,36999
1188,Virginia,Gloucester County,2016,37101
1189,Virginia,Gloucester County,2017,37292
1190,Virginia,Goochland County,2011,21377
1191,Virginia,Goochland County,2012,21279
1192,Virginia,Goochland County,2013,21569
1193,Virginia,Goochland County,2014,21851
1194,Virginia,Goochland County,2015,22159
1195,Virginia,Goochland County,2016,22475
1196,Virginia,Goochland County,2017,22685
1197,Virginia,Grayson County,2011,15366
1198,Virginia,Grayson County,2012,15143
1199,Virginia,Grayson County,2013,15131
1200,Virginia,Grayson County,2014,15921
1201,Virginia,Grayson County,2015,15953
1202,Virginia,Grayson County,2016,15869
1203,Virginia,Grayson County,2017,15665
1204,Virginia,Greene County,2011,18667
1205,Virginia,Greene County,2012,18816
1206,Virginia,Greene County,2013,18842
1207,Virginia,Greene County,2014,19092
1208,Virginia,Greene County,2015,19190
1209,Virginia,Greene County,2016,19331
1210,Virginia,Greene County,2017,19612
1211,Virginia,Greensville County,2011,11966
1212,Virginia,Greensville County,2012,11718
1213,Virginia,Greensville County,2013,11594
1214,Virginia,Greensville County,2014,11473
1215,Virginia,Greensville County,2015,11731
1216,Virginia,Greensville County,2016,11551
1217,Virginia,Greensville County,2017,11679
1218,Virginia,Halifax County,2011,35976
1219,Virginia,Halifax County,2012,35717
1220,Virginia,Halifax County,2013,35370
1221,Virginia,Halifax County,2014,35181
1222,Virginia,Halifax County,2015,35070
1223,Virginia,Halifax County,2016,34964
1224,Virginia,Halifax County,2017,34563
1225,Virginia,Hanover County,2011,99906
1226,Virginia,Hanover County,2012,100344
1227,Virginia,Hanover County,2013,101066
1228,Virginia,Hanover County,2014,101709
1229,Virginia,Hanover County,2015,103045
1230,Virginia,Hanover County,2016,104347
1231,Virginia,Hanover County,2017,105923
1232,Virginia,Henrico County,2011,310812
1233,Virginia,Henrico County,2012,315830
1234,Virginia,Henrico County,2013,319197
1235,Virginia,Henrico County,2014,322391
1236,Virginia,Henrico County,2015,324732
1237,Virginia,Henrico County,2016,326147
1238,Virginia,Henrico County,2017,327898
1239,Virginia,Henry County,2011,53553
1240,Virginia,Henry County,2012,53119
1241,Virginia,Henry County,2013,52761
1242,Virginia,Henry County,2014,52253
1243,Virginia,Henry County,2015,51936
1244,Virginia,Henry County,2016,51604
1245,Virginia,Henry County,2017,51227
1246,Virginia,Highland County,2011,2259
1247,Virginia,Highland County,2012,2234
1248,Virginia,Highland County,2013,2205
1249,Virginia,Highland County,2014,2238
1250,Virginia,Highland County,2015,2196
1251,Virginia,Highland County,2016,2212
1252,Virginia,Highland County,2017,2212
1253,Virginia,Isle of Wight County,2011,35289
1254,Virginia,Isle of Wight County,2012,35339
1255,Virginia,Isle of Wight County,2013,35529
1256,Virginia,Isle of Wight County,2014,35874
1257,Virginia,Isle of Wight County,2015,36171
1258,Virginia,Isle of Wight County,2016,36324
1259,Virginia,Isle of Wight County,2017,36552
1260,Virginia,James City County,2011,68316
1261,Virginia,James City County,2012,69418
1262,Virginia,James City County,2013,70628
1263,Virginia,James City County,2014,72082
1264,Virginia,James City County,2015,72838
1265,Virginia,James City County,2016,74069
1266,Virginia,James City County,2017,75524
1267,Virginia,King and Queen County,2011,6986
1268,Virginia,King and Queen County,2012,7009
1269,Virginia,King and Queen County,2013,7026
1270,Virginia,King and Queen County,2014,7081
1271,Virginia,King and Queen County,2015,7082
1272,Virginia,King and Queen County,2016,7067
1273,Virginia,King and Queen County,2017,7003
1274,Virginia,King George County,2011,24278
1275,Virginia,King George County,2012,24610
1276,Virginia,King George County,2013,24906
1277,Virginia,King George County,2014,25265
1278,Virginia,King George County,2015,25395
1279,Virginia,King George County,2016,25918
1280,Virginia,King George County,2017,26337
1281,Virginia,King William County,2011,16015
1282,Virginia,King William County,2012,15977
1283,Virginia,King William County,2013,16095
1284,Virginia,King William County,2014,16148
1285,Virginia,King William County,2015,16281
1286,Virginia,King William County,2016,16412
1287,Virginia,King William County,2017,16708
1288,Virginia,Lancaster County,2011,11276
1289,Virginia,Lancaster County,2012,11125
1290,Virginia,Lancaster County,2013,10966
1291,Virginia,Lancaster County,2014,10874
1292,Virginia,Lancaster County,2015,10836
1293,Virginia,Lancaster County,2016,10778
1294,Virginia,Lancaster County,2017,10788
1295,Virginia,Lee County,2011,25533
1296,Virginia,Lee County,2012,25421
1297,Virginia,Lee County,2013,25068
1298,Virginia,Lee County,2014,24715
1299,Virginia,Lee County,2015,24547
1300,Virginia,Lee County,2016,24051
1301,Virginia,Lee County,2017,23758
1302,Virginia,Loudoun County,2011,326896
1303,Virginia,Loudoun County,2012,338275
1304,Virginia,Loudoun County,2013,350858
1305,Virginia,Loudoun County,2014,362874
1306,Virginia,Loudoun County,2015,374697
1307,Virginia,Loudoun County,2016,386279
1308,Virginia,Loudoun County,2017,398080
1309,Virginia,Louisa County,2011,33461
1310,Virginia,Louisa County,2012,33499
1311,Virginia,Louisa County,2013,33993
1312,Virginia,Louisa County,2014,34319
1313,Virginia,Louisa County,2015,34618
1314,Virginia,Louisa County,2016,35276
1315,Virginia,Louisa County,2017,35860
1316,Virginia,Lunenburg County,2011,12911
1317,Virginia,Lunenburg County,2012,12638
1318,Virginia,Lunenburg County,2013,12531
1319,Virginia,Lunenburg County,2014,12481
1320,Virginia,Lunenburg County,2015,12330
1321,Virginia,Lunenburg County,2016,12266
1322,Virginia,Lunenburg County,2017,12235
1323,Virginia,Madison County,2011,13142
1324,Virginia,Madison County,2012,13133
1325,Virginia,Madison County,2013,13093
1326,Virginia,Madison County,2014,13028
1327,Virginia,Madison County,2015,13034
1328,Virginia,Madison County,2016,13108
1329,Virginia,Madison County,2017,13277
1330,Virginia,Mathews County,2011,8943
1331,Virginia,Mathews County,2012,8910
1332,Virginia,Mathews County,2013,8899
1333,Virginia,Mathews County,2014,8815
1334,Virginia,Mathews County,2015,8849
1335,Virginia,Mathews County,2016,8806
1336,Virginia,Mathews County,2017,8779
1337,Virginia,Mecklenburg County,2011,32567
1338,Virginia,Mecklenburg County,2012,31692
1339,Virginia,Mecklenburg County,2013,31249
1340,Virginia,Mecklenburg County,2014,31122
1341,Virginia,Mecklenburg County,2015,30951
1342,Virginia,Mecklenburg County,2016,30786
1343,Virginia,Mecklenburg County,2017,30686
1344,Virginia,Middlesex County,2011,10851
1345,Virginia,Middlesex County,2012,10845
1346,Virginia,Middlesex County,2013,10776
1347,Virginia,Middlesex County,2014,10650
1348,Virginia,Middlesex County,2015,10678
1349,Virginia,Middlesex County,2016,10768
1350,Virginia,Middlesex County,2017,10679
1351,Virginia,Montgomery County,2011,94841
1352,Virginia,Montgomery County,2012,95671
1353,Virginia,Montgomery County,2013,96726
1354,Virginia,Montgomery County,2014,97250
1355,Virginia,Montgomery County,2015,97485
1356,Virginia,Montgomery County,2016,98440
1357,Virginia,Montgomery County,2017,98559
1358,Virginia,Nelson County,2011,15018
1359,Virginia,Nelson County,2012,14803
1360,Virginia,Nelson County,2013,14803
1361,Virginia,Nelson County,2014,14883
1362,Virginia,Nelson County,2015,14790
1363,Virginia,Nelson County,2016,14895
1364,Virginia,Nelson County,2017,14943
1365,Virginia,New Kent County,2011,18766
1366,Virginia,New Kent County,2012,19149
1367,Virginia,New Kent County,2013,19509
1368,Virginia,New Kent County,2014,20014
1369,Virginia,New Kent County,2015,20382
1370,Virginia,New Kent County,2016,21030
1371,Virginia,New Kent County,2017,21682
1372,Virginia,Northampton County,2011,12406
1373,Virginia,Northampton County,2012,12218
1374,Virginia,Northampton County,2013,12024
1375,Virginia,Northampton County,2014,12032
1376,Virginia,Northampton County,2015,12084
1377,Virginia,Northampton County,2016,12006
1378,Virginia,Northampton County,2017,11846
1379,Virginia,Northumberland County,2011,12453
1380,Virginia,Northumberland County,2012,12423
1381,Virginia,Northumberland County,2013,12298
1382,Virginia,Northumberland County,2014,12256
1383,Virginia,Northumberland County,2015,12247
1384,Virginia,Northumberland County,2016,12195
1385,Virginia,Northumberland County,2017,12275
1386,Virginia,Nottoway County,2011,15878
1387,Virginia,Nottoway County,2012,15756
1388,Virginia,Nottoway County,2013,15629
1389,Virginia,Nottoway County,2014,15506
1390,Virginia,Nottoway County,2015,15604
1391,Virginia,Nottoway County,2016,15510
1392,Virginia,Nottoway County,2017,15434
1393,Virginia,Orange County,2011,33998
1394,Virginia,Orange County,2012,34280
1395,Virginia,Orange County,2013,34626
1396,Virginia,Orange County,2014,34937
1397,Virginia,Orange County,2015,35209
1398,Virginia,Orange County,2016,35481
1399,Virginia,Orange County,2017,36073
1400,Virginia,Page County,2011,23953
1401,Virginia,Page County,2012,23839
1402,Virginia,Page County,2013,23722
1403,Virginia,Page County,2014,23779
1404,Virginia,Page County,2015,23649
1405,Virginia,Page County,2016,23591
1406,Virginia,Page County,2017,23731
1407,Virginia,Patrick County,2011,18329
1408,Virginia,Patrick County,2012,18326
1409,Virginia,Patrick County,2013,18243
1410,Virginia,Patrick County,2014,18169
1411,Virginia,Patrick County,2015,17946
1412,Virginia,Patrick County,2016,17769
1413,Virginia,Patrick County,2017,17665
1414,Virginia,Pittsylvania County,2011,63259
1415,Virginia,Pittsylvania County,2012,62903
1416,Virginia,Pittsylvania County,2013,62559
1417,Virginia,Pittsylvania County,2014,62371
1418,Virginia,Pittsylvania County,2015,61987
1419,Virginia,Pittsylvania County,2016,61673
1420,Virginia,Pittsylvania County,2017,61258
1421,Virginia,Powhatan County,2011,28125
1422,Virginia,Powhatan County,2012,28171
1423,Virginia,Powhatan County,2013,28293
1424,Virginia,Powhatan County,2014,28483
1425,Virginia,Powhatan County,2015,28045
1426,Virginia,Powhatan County,2016,28398
1427,Virginia,Powhatan County,2017,28601
1428,Virginia,Prince Edward County,2011,23227
1429,Virginia,Prince Edward County,2012,23166
1430,Virginia,Prince Edward County,2013,22718
1431,Virginia,Prince Edward County,2014,22969
1432,Virginia,Prince Edward County,2015,23100
1433,Virginia,Prince Edward County,2016,23023
1434,Virginia,Prince Edward County,2017,22703
1435,Virginia,Prince George County,2011,36706
1436,Virginia,Prince George County,2012,37119
1437,Virginia,Prince George County,2013,37336
1438,Virginia,Prince George County,2014,37401
1439,Virginia,Prince George County,2015,38168
1440,Virginia,Prince George County,2016,37807
1441,Virginia,Prince George County,2017,37809
1442,Virginia,Prince William County,2011,419591
1443,Virginia,Prince William County,2012,430080
1444,Virginia,Prince William County,2013,438653
1445,Virginia,Prince William County,2014,444332
1446,Virginia,Prince William County,2015,451247
1447,Virginia,Prince William County,2016,456560
1448,Virginia,Prince William County,2017,463023
1449,Virginia,Pulaski County,2011,34736
1450,Virginia,Pulaski County,2012,34737
1451,Virginia,Pulaski County,2013,34544
1452,Virginia,Pulaski County,2014,34341
1453,Virginia,Pulaski County,2015,34340
1454,Virginia,Pulaski County,2016,34240
1455,Virginia,Pulaski County,2017,34184
1456,Virginia,Rappahannock County,2011,7472
1457,Virginia,Rappahannock County,2012,7405
1458,Virginia,Rappahannock County,2013,7424
1459,Virginia,Rappahannock County,2014,7331
1460,Virginia,Rappahannock County,2015,7384
1461,Virginia,Rappahannock County,2016,7333
1462,Virginia,Rappahannock County,2017,7321
1463,Virginia,Richmond County,2011,9207
1464,Virginia,Richmond County,2012,9082
1465,Virginia,Richmond County,2013,8956
1466,Virginia,Richmond County,2014,8890
1467,Virginia,Richmond County,2015,8795
1468,Virginia,Richmond County,2016,8784
1469,Virginia,Richmond County,2017,8939
1470,Virginia,Roanoke County,2011,92847
1471,Virginia,Roanoke County,2012,92746
1472,Virginia,Roanoke County,2013,93338
1473,Virginia,Roanoke County,2014,93368
1474,Virginia,Roanoke County,2015,93296
1475,Virginia,Roanoke County,2016,93363
1476,Virginia,Roanoke County,2017,93730
1477,Virginia,Rockbridge County,2011,22439
1478,Virginia,Rockbridge County,2012,22373
1479,Virginia,Rockbridge County,2013,22326
1480,Virginia,Rockbridge County,2014,22429
1481,Virginia,Rockbridge County,2015,22376
1482,Virginia,Rockbridge County,2016,22411
1483,Virginia,Rockbridge County,2017,22659
1484,Virginia,Rockingham County,2011,76849
1485,Virginia,Rockingham County,2012,77126
1486,Virginia,Rockingham County,2013,77417
1487,Virginia,Rockingham County,2014,77874
1488,Virginia,Rockingham County,2015,78450
1489,Virginia,Rockingham County,2016,79298
1490,Virginia,Rockingham County,2017,80227
1491,Virginia,Russell County,2011,28656
1492,Virginia,Russell County,2012,28400
1493,Virginia,Russell County,2013,28309
1494,Virginia,Russell County,2014,28046
1495,Virginia,Russell County,2015,27826
1496,Virginia,Russell County,2016,27394
1497,Virginia,Russell County,2017,27048
1498,Virginia,Scott County,2011,23061
1499,Virginia,Scott County,2012,22959
1500,Virginia,Scott County,2013,22774
1501,Virginia,Scott County,2014,22529
1502,Virginia,Scott County,2015,22256
1503,Virginia,Scott County,2016,22028
1504,Virginia,Scott County,2017,21865
1505,Virginia,Shenandoah County,2011,42262
1506,Virginia,Shenandoah County,2012,42532
1507,Virginia,Shenandoah County,2013,42512
1508,Virginia,Shenandoah County,2014,42743
1509,Virginia,Shenandoah County,2015,42864
1510,Virginia,Shenandoah County,2016,42928
1511,Virginia,Shenandoah County,2017,43225
1512,Virginia,Smyth County,2011,32044
1513,Virginia,Smyth County,2012,31903
1514,Virginia,Smyth County,2013,31773
1515,Virginia,Smyth County,2014,31573
1516,Virginia,Smyth County,2015,31413
1517,Virginia,Smyth County,2016,31075
1518,Virginia,Smyth County,2017,30656
1519,Virginia,Southampton County,2011,18631
1520,Virginia,Southampton County,2012,18504
1521,Virginia,Southampton County,2013,18327
1522,Virginia,Southampton County,2014,18222
1523,Virginia,Southampton County,2015,18129
1524,Virginia,Southampton County,2016,18019
1525,Virginia,Southampton County,2017,17750
1526,Virginia,Spotsylvania County,2011,124534
1527,Virginia,Spotsylvania County,2012,125833
1528,Virginia,Spotsylvania County,2013,127445
1529,Virginia,Spotsylvania County,2014,128880
1530,Virginia,Spotsylvania County,2015,130032
1531,Virginia,Spotsylvania County,2016,131405
1532,Virginia,Spotsylvania County,2017,133033
1533,Virginia,Stafford County,2011,132207
1534,Virginia,Stafford County,2012,133376
1535,Virginia,Stafford County,2013,135978
1536,Virginia,Stafford County,2014,138802
1537,Virginia,Stafford County,2015,140891
1538,Virginia,Stafford County,2016,143477
1539,Virginia,Stafford County,2017,146649
1540,Virginia,Surry County,2011,6923
1541,Virginia,Surry County,2012,6839
1542,Virginia,Surry County,2013,6788
1543,Virginia,Surry County,2014,6781
1544,Virginia,Surry County,2015,6670
1545,Virginia,Surry County,2016,6570
1546,Virginia,Surry County,2017,6540
1547,Virginia,Sussex County,2011,12085
1548,Virginia,Sussex County,2012,11917
1549,Virginia,Sussex County,2013,11763
1550,Virginia,Sussex County,2014,11723
1551,Virginia,Sussex County,2015,11689
1552,Virginia,Sussex County,2016,11426
1553,Virginia,Sussex County,2017,11373
1554,Virginia,Tazewell County,2011,44738
1555,Virginia,Tazewell County,2012,44277
1556,Virginia,Tazewell County,2013,44025
1557,Virginia,Tazewell County,2014,43382
1558,Virginia,Tazewell County,2015,42898
1559,Virginia,Tazewell County,2016,42046
1560,Virginia,Tazewell County,2017,41095
1561,Virginia,Warren County,2011,37623
1562,Virginia,Warren County,2012,37865
1563,Virginia,Warren County,2013,38476
1564,Virginia,Warren County,2014,38958
1565,Virginia,Warren County,2015,38891
1566,Virginia,Warren County,2016,39066
1567,Virginia,Warren County,2017,39563
1568,Virginia,Washington County,2011,54802
1569,Virginia,Washington County,2012,55096
1570,Virginia,Washington County,2013,54774
1571,Virginia,Washington County,2014,54581
1572,Virginia,Washington County,2015,54308
1573,Virginia,Washington County,2016,54237
1574,Virginia,Washington County,2017,54387
1575,Virginia,Westmoreland County,2011,17626
1576,Virginia,Westmoreland County,2012,17507
1577,Virginia,Westmoreland County,2013,17547
1578,Virginia,Westmoreland County,2014,17439
1579,Virginia,Westmoreland County,2015,17553
1580,Virginia,Westmoreland County,2016,17659
1581,Virginia,Westmoreland County,2017,17780
1582,Virginia,Wise County,2011,41439
1583,Virginia,Wise County,2012,40899
1584,Virginia,Wise County,2013,40653
1585,Virginia,Wise County,2014,39884
1586,Virginia,Wise County,2015,39540
1587,Virginia,Wise County,2016,39034
1588,Virginia,Wise County,2017,38586
1589,Virginia,Wythe County,2011,29188
1590,Virginia,Wythe County,2012,29317
1591,Virginia,Wythe County,2013,29272
1592,Virginia,Wythe County,2014,29045
1593,Virginia,Wythe County,2015,29101
1594,Virginia,Wythe County,2016,28942
1595,Virginia,Wythe County,2017,28882
1596,Virginia,York County,2011,65861
1597,Virginia,York County,2012,65892
1598,Virginia,York County,2013,66079
1599,Virginia,York County,2014,66601
1600,Virginia,York County,2015,67821
1601,Virginia,York County,2016,67742
1602,Virginia,York County,2017,67739
1603,Virginia,Alexandria city,2011,144598
1604,Virginia,Alexandria city,2012,147528
1605,Virginia,Alexandria city,2013,150268
1606,Virginia,Alexandria city,2014,151828
1607,Virginia,Alexandria city,2015,154132
1608,Virginia,Alexandria city,2016,157288
1609,Virginia,Alexandria city,2017,160035
1610,Virginia,Bristol city,2011,17721
1611,Virginia,Bristol city,2012,17702
1612,Virginia,Bristol city,2013,17398
1613,Virginia,Bristol city,2014,17212
1614,Virginia,Bristol city,2015,17058
1615,Virginia,Bristol city,2016,16927
1616,Virginia,Bristol city,2017,16790
1617,Virginia,Buena Vista city,2011,6720
1618,Virginia,Buena Vista city,2012,6756
1619,Virginia,Buena Vista city,2013,6663
1620,Virginia,Buena Vista city,2014,6560
1621,Virginia,Buena Vista city,2015,6543
1622,Virginia,Buena Vista city,2016,6384
1623,Virginia,Buena Vista city,2017,6327
1624,Virginia,Charlottesville city,2011,43835
1625,Virginia,Charlottesville city,2012,44601
1626,Virginia,Charlottesville city,2013,45081
1627,Virginia,Charlottesville city,2014,45575
1628,Virginia,Charlottesville city,2015,46476
1629,Virginia,Charlottesville city,2016,47286
1630,Virginia,Charlottesville city,2017,48019
1631,Virginia,Chesapeake city,2011,225381
1632,Virginia,Chesapeake city,2012,228100
1633,Virginia,Chesapeake city,2013,230410
1634,Virginia,Chesapeake city,2014,233430
1635,Virginia,Chesapeake city,2015,235192
1636,Virginia,Chesapeake city,2016,237621
1637,Virginia,Chesapeake city,2017,240397
1638,Virginia,Colonial Heights city,2011,17286
1639,Virginia,Colonial Heights city,2012,17380
1640,Virginia,Colonial Heights city,2013,17488
1641,Virginia,Colonial Heights city,2014,17452
1642,Virginia,Colonial Heights city,2015,17496
1643,Virginia,Colonial Heights city,2016,17642
1644,Virginia,Colonial Heights city,2017,17830
1645,Virginia,Covington city,2011,5917
1646,Virginia,Covington city,2012,5845
1647,Virginia,Covington city,2013,5832
1648,Virginia,Covington city,2014,5773
1649,Virginia,Covington city,2015,5655
1650,Virginia,Covington city,2016,5582
1651,Virginia,Covington city,2017,5531
1652,Virginia,Danville city,2011,42642
1653,Virginia,Danville city,2012,42705
1654,Virginia,Danville city,2013,42632
1655,Virginia,Danville city,2014,42242
1656,Virginia,Danville city,2015,41910
1657,Virginia,Danville city,2016,41643
1658,Virginia,Danville city,2017,41130
1659,Virginia,Emporia city,2011,5838
1660,Virginia,Emporia city,2012,5811
1661,Virginia,Emporia city,2013,5691
1662,Virginia,Emporia city,2014,5599
1663,Virginia,Emporia city,2015,5529
1664,Virginia,Emporia city,2016,5375
1665,Virginia,Emporia city,2017,5282
1666,Virginia,Fairfax city,2011,22482
1667,Virginia,Fairfax city,2012,22892
1668,Virginia,Fairfax city,2013,23270
1669,Virginia,Fairfax city,2014,23304
1670,Virginia,Fairfax city,2015,23404
1671,Virginia,Fairfax city,2016,23827
1672,Virginia,Fairfax city,2017,24097
1673,Virginia,Falls Church city,2011,12715
1674,Virginia,Falls Church city,2012,13125
1675,Virginia,Falls Church city,2013,13416
1676,Virginia,Falls Church city,2014,13465
1677,Virginia,Falls Church city,2015,13881
1678,Virginia,Falls Church city,2016,13868
1679,Virginia,Falls Church city,2017,14583
1680,Virginia,Franklin city,2011,8448
1681,Virginia,Franklin city,2012,8484
1682,Virginia,Franklin city,2013,8541
1683,Virginia,Franklin city,2014,8395
1684,Virginia,Franklin city,2015,8329
1685,Virginia,Franklin city,2016,8228
1686,Virginia,Franklin city,2017,8176
1687,Virginia,Fredericksburg city,2011,25761
1688,Virginia,Fredericksburg city,2012,27186
1689,Virginia,Fredericksburg city,2013,27833
1690,Virginia,Fredericksburg city,2014,28227
1691,Virginia,Fredericksburg city,2015,27985
1692,Virginia,Fredericksburg city,2016,28271
1693,Virginia,Fredericksburg city,2017,28360
1694,Virginia,Galax city,2011,6845
1695,Virginia,Galax city,2012,6857
1696,Virginia,Galax city,2013,6936
1697,Virginia,Galax city,2014,6908
1698,Virginia,Galax city,2015,6806
1699,Virginia,Galax city,2016,6664
1700,Virginia,Galax city,2017,6625
1701,Virginia,Hampton city,2011,136567
1702,Virginia,Hampton city,2012,137099
1703,Virginia,Hampton city,2013,137301
1704,Virginia,Hampton city,2014,137675
1705,Virginia,Hampton city,2015,136296
1706,Virginia,Hampton city,2016,135332
1707,Virginia,Hampton city,2017,134669
1708,Virginia,Harrisonburg city,2011,49998
1709,Virginia,Harrisonburg city,2012,51355
1710,Virginia,Harrisonburg city,2013,51635
1711,Virginia,Harrisonburg city,2014,52658
1712,Virginia,Harrisonburg city,2015,52869
1713,Virginia,Harrisonburg city,2016,53943
1714,Virginia,Harrisonburg city,2017,54215
1715,Virginia,Hopewell city,2011,22505
1716,Virginia,Hopewell city,2012,22319
1717,Virginia,Hopewell city,2013,22175
1718,Virginia,Hopewell city,2014,22117
1719,Virginia,Hopewell city,2015,22233
1720,Virginia,Hopewell city,2016,22619
1721,Virginia,Hopewell city,2017,22621
1722,Virginia,Lexington city,2011,6966
1723,Virginia,Lexington city,2012,7009
1724,Virginia,Lexington city,2013,7140
1725,Virginia,Lexington city,2014,7116
1726,Virginia,Lexington city,2015,7117
1727,Virginia,Lexington city,2016,7087
1728,Virginia,Lexington city,2017,7106
1729,Virginia,Lynchburg city,2011,76618
1730,Virginia,Lynchburg city,2012,77285
1731,Virginia,Lynchburg city,2013,77999
1732,Virginia,Lynchburg city,2014,78134
1733,Virginia,Lynchburg city,2015,79146
1734,Virginia,Lynchburg city,2016,79912
1735,Virginia,Lynchburg city,2017,80995
1736,Virginia,Manassas city,2011,39174
1737,Virginia,Manassas city,2012,40340
1738,Virginia,Manassas city,2013,41183
1739,Virginia,Manassas city,2014,41210
1740,Virginia,Manassas city,2015,41542
1741,Virginia,Manassas city,2016,41457
1742,Virginia,Manassas city,2017,41501
1743,Virginia,Manassas Park city,2011,15092
1744,Virginia,Manassas Park city,2012,15422
1745,Virginia,Manassas Park city,2013,15947
1746,Virginia,Manassas Park city,2014,15938
1747,Virginia,Manassas Park city,2015,16026
1748,Virginia,Manassas Park city,2016,16085
1749,Virginia,Manassas Park city,2017,16591
1750,Virginia,Martinsville city,2011,13593
1751,Virginia,Martinsville city,2012,13486
1752,Virginia,Martinsville city,2013,13414
1753,Virginia,Martinsville city,2014,13321
1754,Virginia,Martinsville city,2015,13282
1755,Virginia,Martinsville city,2016,13119
1756,Virginia,Martinsville city,2017,13142
1757,Virginia,Newport News city,2011,180135
1758,Virginia,Newport News city,2012,180100
1759,Virginia,Newport News city,2013,181364
1760,Virginia,Newport News city,2014,181653
1761,Virginia,Newport News city,2015,181083
1762,Virginia,Newport News city,2016,180388
1763,Virginia,Newport News city,2017,179388
1764,Virginia,Norfolk city,2011,243725
1765,Virginia,Norfolk city,2012,246160
1766,Virginia,Norfolk city,2013,245601
1767,Virginia,Norfolk city,2014,246574
1768,Virginia,Norfolk city,2015,246352
1769,Virginia,Norfolk city,2016,245532
1770,Virginia,Norfolk city,2017,244703
1771,Virginia,Norton city,2011,4096
1772,Virginia,Norton city,2012,4135
1773,Virginia,Norton city,2013,4111
1774,Virginia,Norton city,2014,4152
1775,Virginia,Norton city,2015,4027
1776,Virginia,Norton city,2016,3988
1777,Virginia,Norton city,2017,3936
1778,Virginia,Petersburg city,2011,32079
1779,Virginia,Petersburg city,2012,31990
1780,Virginia,Petersburg city,2013,32311
1781,Virginia,Petersburg city,2014,32240
1782,Virginia,Petersburg city,2015,32034
1783,Virginia,Petersburg city,2016,31850
1784,Virginia,Petersburg city,2017,31750
1785,Virginia,Poquoson city,2011,12039
1786,Virginia,Poquoson city,2012,12111
1787,Virginia,Poquoson city,2013,12091
1788,Virginia,Poquoson city,2014,12004
1789,Virginia,Poquoson city,2015,12013
1790,Virginia,Poquoson city,2016,11947
1791,Virginia,Poquoson city,2017,12053
1792,Virginia,Portsmouth city,2011,95738
1793,Virginia,Portsmouth city,2012,96465
1794,Virginia,Portsmouth city,2013,96069
1795,Virginia,Portsmouth city,2014,95802
1796,Virginia,Portsmouth city,2015,96241
1797,Virginia,Portsmouth city,2016,94997
1798,Virginia,Portsmouth city,2017,94572
1799,Virginia,Radford city,2011,16824
1800,Virginia,Radford city,2012,16716
1801,Virginia,Radford city,2013,17124
1802,Virginia,Radford city,2014,17389
1803,Virginia,Radford city,2015,17319
1804,Virginia,Radford city,2016,17410
1805,Virginia,Radford city,2017,17658
1806,Virginia,Richmond city,2011,206410
1807,Virginia,Richmond city,2012,210842
1808,Virginia,Richmond city,2013,214012
1809,Virginia,Richmond city,2014,217185
1810,Virginia,Richmond city,2015,220943
1811,Virginia,Richmond city,2016,225288
1812,Virginia,Richmond city,2017,227032
1813,Virginia,Roanoke city,2011,96846
1814,Virginia,Roanoke city,2012,98098
1815,Virginia,Roanoke city,2013,98938
1816,Virginia,Roanoke city,2014,99520
1817,Virginia,Roanoke city,2015,99823
1818,Virginia,Roanoke city,2016,99743
1819,Virginia,Roanoke city,2017,99837
1820,Virginia,Salem city,2011,25009
1821,Virginia,Salem city,2012,25157
1822,Virginia,Salem city,2013,25310
1823,Virginia,Salem city,2014,25435
1824,Virginia,Salem city,2015,25449
1825,Virginia,Salem city,2016,25547
1826,Virginia,Salem city,2017,25862
1827,Virginia,Staunton city,2011,24029
1828,Virginia,Staunton city,2012,23806
1829,Virginia,Staunton city,2013,24109
1830,Virginia,Staunton city,2014,24281
1831,Virginia,Staunton city,2015,24192
1832,Virginia,Staunton city,2016,24257
1833,Virginia,Staunton city,2017,24528
1834,Virginia,Suffolk city,2011,84754
1835,Virginia,Suffolk city,2012,85251
1836,Virginia,Suffolk city,2013,85770
1837,Virginia,Suffolk city,2014,86880
1838,Virginia,Suffolk city,2015,88103
1839,Virginia,Suffolk city,2016,89294
1840,Virginia,Suffolk city,2017,90237
1841,Virginia,Virginia Beach city,2011,442868
1842,Virginia,Virginia Beach city,2012,445286
1843,Virginia,Virginia Beach city,2013,448226
1844,Virginia,Virginia Beach city,2014,449355
1845,Virginia,Virginia Beach city,2015,450864
1846,Virginia,Virginia Beach city,2016,451404
1847,Virginia,Virginia Beach city,2017,450435
1848,Virginia,Waynesboro city,2011,21105
1849,Virginia,Waynesboro city,2012,21070
1850,Virginia,Waynesboro city,2013,21181
1851,Virginia,Waynesboro city,2014,21288
1852,Virginia,Waynesboro city,2015,21502
1853,Virginia,Waynesboro city,2016,21802
1854,Virginia,Waynesboro city,2017,22327
1855,Virginia,Williamsburg city,2011,14116
1856,Virginia,Williamsburg city,2012,14508
1857,Virginia,Williamsburg city,2013,14618
1858,Virginia,Williamsburg city,2014,14619
1859,Virginia,Williamsburg city,2015,14866
1860,Virginia,Williamsburg city,2016,14952
1861,Virginia,Williamsburg city,2017,15031
1862,Virginia,Winchester city,2011,26662
1863,Virginia,Winchester city,2012,27012
1864,Virginia,Winchester city,2013,27339
1865,Virginia,Winchester city,2014,27358
1866,Virginia,Winchester city,2015,27383
1867,Virginia,Winchester city,2016,27566
1868,Virginia,Winchester city,2017,27932
